Workbook

Sheet Instructions
B2: Java AI Developer — Interview Prep Tracker
B4: How to use this tracker:
B5: 1. Go to the 'Daily Tracker' tab and fill in the YELLOW cells each night: hours spent, DSA problems solved, and whether you completed the day.
B6: 2. Log every DSA problem you attempt in the 'DSA Problem Log' tab — this builds your personal question bank for revision.
B7: 3. After each mock interview, log it in the 'Mock Interview Log' tab with a self-rating and notes.
B8: 4. The 'Weekly Summary' and 'Dashboard' tabs update automatically from your entries — no need to touch them.
B9: 5. Cells with BLUE text are pre-filled plan data (topics/themes) — don't overwrite these, they're your reference.
B10: 6. Cells with YELLOW fill are for you to fill in daily.
B12: Legend:
B13: Yellow fill = fill in daily
B14: Blue text = pre-filled plan reference (do not edit)

Sheet Daily Tracker
A1: Week | B1: Day | C1: Date | D1: Topic (Plan) | E1: DSA Theme (Plan) | F1: Theory Hrs | G1: Hands-on Hrs | H1: DSA Hrs | I1: Review Hrs | J1: Total Hrs | K1: DSA Problems Solved | L1: Day Completed? (Y/N) | M1: Notes
A2: 1 | B2: Mon | D2: Modern Java (17-21) features | E2: Arrays, Strings, HashMaps/HashSets | J2: =SUM(F2:I2) -> 0
A3: 1 | B3: Tue | D3: Streams & Functional Java | E3: Arrays, Strings, HashMaps/HashSets | J3: =SUM(F3:I3) -> 0
A4: 1 | B4: Wed | D4: Concurrency Fundamentals | E4: Arrays, Strings, HashMaps/HashSets | J4: =SUM(F4:I4) -> 0
A5: 1 | B5: Thu | D5: Executors & Concurrent Collections | E5: Arrays, Strings, HashMaps/HashSets | J5: =SUM(F5:I5) -> 0
A6: 1 | B6: Fri | D6: Virtual Threads & Structured Concurrency | E6: Arrays, Strings, HashMaps/HashSets | J6: =SUM(F6:I6) -> 0
A7: 1 | B7: Sat | D7: Concurrency Interview Drills | E7: Arrays, Strings, HashMaps/HashSets | J7: =SUM(F7:I7) -> 0
A8: 1 | B8: Sun | D8: Review + mock Q&A (Week 1) | E8: Review struggled problems | J8: =SUM(F8:I8) -> 0
A9: 2 | B9: Mon | D9: JVM Architecture | E9: LinkedList, Stacks, Queues | J9: =SUM(F9:I9) -> 0
A10: 2 | B10: Tue | D10: Garbage Collection Deep Dive | E10: LinkedList, Stacks, Queues | J10: =SUM(F10:I10) -> 0
A11: 2 | B11: Wed | D11: GC Tuning in Practice | E11: LinkedList, Stacks, Queues | J11: =SUM(F11:I11) -> 0
A12: 2 | B12: Thu | D12: Memory Leaks & Profiling | E12: LinkedList, Stacks, Queues | J12: =SUM(F12:I12) -> 0
A13: 2 | B13: Fri | D13: Performance Tuning (JIT, JFR) | E13: LinkedList, Stacks, Queues | J13: =SUM(F13:I13) -> 0
... A43: 6 | B43: Sun | D43: Final review + weak-area triage | E43: Final DSA log review | J43: =SUM(F43:I43) -> 0

Sheet DSA Problem Log
A1: Date | B1: Problem Name | C1: Topic | D1: Platform | E1: Difficulty | F1: Time Taken (min) | G1: Status | H1: Notes
A2: 2026-07-27 | B2: Two Sum | C2: Arrays / HashMap | D2: LeetCode | E2: Easy | F2: 12 | G2: Solved | H2: Used HashMap for O(n); revisit if slow next time

Sheet Mock Interview Log
A1: Date | B1: Type | C1: Duration (min) | D1: Self-Rating (1-5) | E1: Key Strengths | F1: Areas to Improve | G1: Notes
A2: 2026-08-01 | B2: Technical - Concurrency | C2: 60 | D2: 4 | E2: Explained CompletableFuture chaining well | F2: Was slow on deadlock detection question | G2: Redo deadlock scenarios next week

Sheet Weekly Summary
A1: Week | B1: Theme | C1: Planned Hours | D1: Logged Hours | E1: Completion % | F1: DSA Problems Solved | G1: Days Marked Complete
A2: 1 | B2: Core Java 17+ & Concurrency | C2: 28 | D2: =SUMIF('Daily Tracker'!A:A,A2,'Daily Tracker'!J:J) -> 0 | E2: =IFERROR(D2/C2,0) -> 0 | F2: =SUMIF('Daily Tracker'!A:A,A2,'Daily Tracker'!K:K) -> 0 | G2: =COUNTIFS('Daily Tracker'!A:A,A2,'Daily Tracker'!L:L,"Y") -> 0
A3: 2 | B3: JVM Internals & GC Tuning | C3: 28 | D3: =SUMIF('Daily Tracker'!A:A,A3,'Daily Tracker'!J:J) -> 0 | E3: =IFERROR(D3/C3,0) -> 0 | F3: =SUMIF('Daily Tracker'!A:A,A3,'Daily Tracker'!K:K) -> 0 | G3: =COUNTIFS('Daily Tracker'!A:A,A3,'Daily Tracker'!L:L,"Y") -> 0
A4: 3 | B4: Spring Boot / Spring Cloud Internals | C4: 28 | D4: =SUMIF('Daily Tracker'!A:A,A4,'Daily Tracker'!J:J) -> 0 | E4: =IFERROR(D4/C4,0) -> 0 | F4: =SUMIF('Daily Tracker'!A:A,A4,'Daily Tracker'!K:K) -> 0 | G4: =COUNTIFS('Daily Tracker'!A:A,A4,'Daily Tracker'!L:L,"Y") -> 0
A5: 4 | B5: System Design & Distributed Systems (Part 1) | C5: 28 | D5: =SUMIF('Daily Tracker'!A:A,A5,'Daily Tracker'!J:J) -> 0 | E5: =IFERROR(D5/C5,0) -> 0 | F5: =SUMIF('Daily Tracker'!A:A,A5,'Daily Tracker'!K:K) -> 0 | G5: =COUNTIFS('Daily Tracker'!A:A,A5,'Daily Tracker'!L:L,"Y") -> 0
A6: 5 | B6: System Design (Part 2) + Spring AI / RAG / Vector Search | C6: 28 | D6: =SUMIF('Daily Tracker'!A:A,A6,'Daily Tracker'!J:J) -> 0 | E6: =IFERROR(D6/C6,0) -> 0 | F6: =SUMIF('Daily Tracker'!A:A,A6,'Daily Tracker'!K:K) -> 0 | G6: =COUNTIFS('Daily Tracker'!A:A,A6,'Daily Tracker'!L:L,"Y") -> 0
A7: 6 | B7: LLM Integration, Mock Interviews, Behavioral | C7: 28 | D7: =SUMIF('Daily Tracker'!A:A,A7,'Daily Tracker'!J:J) -> 0 | E7: =IFERROR(D7/C7,0) -> 0 | F7: =SUMIF('Daily Tracker'!A:A,A7,'Daily Tracker'!K:K) -> 0 | G7: =COUNTIFS('Daily Tracker'!A:A,A7,'Daily Tracker'!L:L,"Y") -> 0

Sheet Dashboard
B2: Overall Preparation Dashboard
B4: Total Planned Hours (6 weeks) | D4: =SUM('Weekly Summary'!C2:C7) -> 168
B5: Total Hours Logged | D5: =SUM('Weekly Summary'!D2:D7) -> 0
B6: Overall Completion % | D6: =IFERROR(B5/B4,0) -> 0
B7: Total DSA Problems Solved | D7: =SUM('Weekly Summary'!F2:F7) -> 0
B8: Total Days Marked Complete (out of 42) | D8: =SUM('Weekly Summary'!G2:G7) -> 0
B9: Total Mock Interviews Logged | D9: =COUNTA('Mock Interview Log'!A3:A100) -> 0
B10: Average Mock Interview Self-Rating | D10: =IFERROR(AVERAGE('Mock Interview Log'!D3:D100),0) -> 0
